country,date,confirmed,death
New York,2020-06-10,380156,30542
New Jersey,2020-06-10,165346,12377
California,2020-06-10,139715,4854
Illinois,2020-06-10,129837,6095
Massachusetts,2020-06-10,104156,7454
Pennsylvania,2020-06-10,81316,6062
Texas,2020-06-10,80777,1905
Florida,2020-06-10,67371,2801
Michigan,2020-06-10,65182,5955
Maryland,2020-06-10,59465,2844
